,L,mean,variance
0,10000.0,-0.016696161509500772,1.351049317102523
