,L,mean,variance
0,10000.0,-0.013572037311558932,2.6775509055840483
