,L,mean,variance,antithetic mean,antithetic variance
0,10000.0,-0.013572037311558932,2.6775509055840483,-0.016696161509500772,1.351049317102523
